"HITId","HITTypeId","Title","Description","Keywords","Reward","CreationTime","MaxAssignments","RequesterAnnotation","AssignmentDurationInSeconds","AutoApprovalDelayInSeconds","Expiration","NumberOfSimilarHITs","LifetimeInSeconds","AssignmentId","WorkerId","AssignmentStatus","AcceptTime","SubmitTime","AutoApprovalTime","ApprovalTime","RejectionTime","RequesterFeedback","WorkTimeInSeconds","LifetimeApprovalRate","Last30DaysApprovalRate","Last7DaysApprovalRate","Answer.Emotion01","Answer.Emotion02","Answer.Emotion03","Answer.Emotion04","Answer.Emotion05","Answer.Emotion06","Answer.Emotion07","Answer.Emotion08","Answer.Emotion09","Answer.Emotion10","Answer.Emotion11","Answer.Emotion12","Answer.Emotion13","Answer.Emotion14","Answer.Emotion15","Approve","Reject"
"3UDTAB6HH718PBV2AK662Z27W66098","3D7SO00DFMQ961B4JTA39YMX2MBVCA","Song Lyrics Emotion Categorization","Identify the emotion elicited or exemplified by the song lyrics","survey, demographics, music, categorization, vulgar language","$0.10","Sun Dec 03 17:29:02 PST 2017","100","BatchId:3034566;OriginalHitTemplateId:920937332;","3600","86400","Tue Dec 05 17:29:02 PST 2017","","","308XBLVESJ6HZIRSSJ8J1LU44ZDRBZ","A28JGET2XTPRG5","Approved","Sun Dec 03 17:38:00 PST 2017","Sun Dec 03 17:41:04 PST 2017","Mon Dec 04 17:41:04 PST 2017","Mon Dec 04 13:33:52 PST 2017","","","184","100% (1/1)","100% (1/1)","100% (1/1)","Sad","Sad","Happy","Hate","Love","Happy","Sad","Sad","Love","Sad","Sad","Happy","Hate","Happy","Sad"
"3UDTAB6HH718PBV2AK662Z27W66098","3D7SO00DFMQ961B4JTA39YMX2MBVCA","Song Lyrics Emotion Categorization","Identify the emotion elicited or exemplified by the song lyrics","survey, demographics, music, categorization, vulgar language","$0.10","Sun Dec 03 17:29:02 PST 2017","100","BatchId:3034566;OriginalHitTemplateId:920937332;","3600","86400","Tue Dec 05 17:29:02 PST 2017","","","30OG32W0SVDURNBK93TST9VF6ZAEN7","A24KFVPD7QYZUK","Approved","Sun Dec 03 21:49:38 PST 2017","Sun Dec 03 21:59:33 PST 2017","Mon Dec 04 21:59:33 PST 2017","Mon Dec 04 13:33:52 PST 2017","","","595","100% (1/1)","100% (1/1)","100% (1/1)","Happy","Sad","Happy","Happy","Love","Love","Happy","Sad","Love","Happy","Happy","Happy","Sad","Happy","Happy"
"3UDTAB6HH718PBV2AK662Z27W66098","3D7SO00DFMQ961B4JTA39YMX2MBVCA","Song Lyrics Emotion Categorization","Identify the emotion elicited or exemplified by the song lyrics","survey, demographics, music, categorization, vulgar language","$0.10","Sun Dec 03 17:29:02 PST 2017","100","BatchId:3034566;OriginalHitTemplateId:920937332;","3600","86400","Tue Dec 05 17:29:02 PST 2017","","","30X31N5D64SOHNMD1U8SWKFU8JIASI","A1PSJ1P9VI7DX1","Approved","Sun Dec 03 20:58:53 PST 2017","Sun Dec 03 21:09:49 PST 2017","Mon Dec 04 21:09:49 PST 2017","Mon Dec 04 13:33:52 PST 2017","","","656","100% (1/1)","100% (1/1)","100% (1/1)","Sad","Sad","Hate","Hate","Sad","Love","Sad","Sad","Love","Sad","Love","Happy","Sad","Hate","Happy"
"3UDTAB6HH718PBV2AK662Z27W66098","3D7SO00DFMQ961B4JTA39YMX2MBVCA","Song Lyrics Emotion Categorization","Identify the emotion elicited or exemplified by the song lyrics","survey, demographics, music, categorization, vulgar language","$0.10","Sun Dec 03 17:29:02 PST 2017","100","BatchId:3034566;OriginalHitTemplateId:920937332;","3600","86400","Tue Dec 05 17:29:02 PST 2017","","","31QTRG6Q2UFS0D4OPJIE41SQOQMYP8","A3GS62VVADHTO7","Approved","Mon Dec 04 03:00:04 PST 2017","Mon Dec 04 03:05:56 PST 2017","Tue Dec 05 03:05:56 PST 2017","Mon Dec 04 13:33:52 PST 2017","","","352","100% (1/1)","100% (1/1)","100% (1/1)","Hate","Sad","Sad","Hate","Love","Love","Sad","Sad","Hate","Love","Love","Happy","Hate","Happy","Hate"
"3UDTAB6HH718PBV2AK662Z27W66098","3D7SO00DFMQ961B4JTA39YMX2MBVCA","Song Lyrics Emotion Categorization","Identify the emotion elicited or exemplified by the song lyrics","survey, demographics, music, categorization, vulgar language","$0.10","Sun Dec 03 17:29:02 PST 2017","100","BatchId:3034566;OriginalHitTemplateId:920937332;","3600","86400","Tue Dec 05 17:29:02 PST 2017","","","320DUZ38G8OWSBGQ00RO05ZAAVDJGI","A2AKSBE0291HY8","Approved","Sun Dec 03 18:32:42 PST 2017","Sun Dec 03 18:34:24 PST 2017","Mon Dec 04 18:34:24 PST 2017","Mon Dec 04 13:33:52 PST 2017","","","102","100% (1/1)","100% (1/1)","100% (1/1)","Love","Hate","Love","Hate","Love","Love","Happy","Sad","Love","Hate","Sad","Love","Happy","Hate","Hate"
"3UDTAB6HH718PBV2AK662Z27W66098","3D7SO00DFMQ961B4JTA39YMX2MBVCA","Song Lyrics Emotion Categorization","Identify the emotion elicited or exemplified by the song lyrics","survey, demographics, music, categorization, vulgar language","$0.10","Sun Dec 03 17:29:02 PST 2017","100","BatchId:3034566;OriginalHitTemplateId:920937332;","3600","86400","Tue Dec 05 17:29:02 PST 2017","","","32N49TQG3HK49F3HVPDX77Z17N6VA2","A2FFGUDAYN0RO2","Approved","Sun Dec 03 18:21:03 PST 2017","Sun Dec 03 18:38:30 PST 2017","Mon Dec 04 18:38:30 PST 2017","Mon Dec 04 13:33:52 PST 2017","","","1047","100% (1/1)","100% (1/1)","100% (1/1)","Sad","Hate","Love","Hate","Love","Love","Happy","Sad","Love","Sad","Sad","Happy","Love","Sad","Hate"
"3UDTAB6HH718PBV2AK662Z27W66098","3D7SO00DFMQ961B4JTA39YMX2MBVCA","Song Lyrics Emotion Categorization","Identify the emotion elicited or exemplified by the song lyrics","survey, demographics, music, categorization, vulgar language","$0.10","Sun Dec 03 17:29:02 PST 2017","100","BatchId:3034566;OriginalHitTemplateId:920937332;","3600","86400","Tue Dec 05 17:29:02 PST 2017","","","32SCWG5HII6QHTUIJ0NMLA8XPGEP6K","A2L73JKDFWI0KJ","Approved","Sun Dec 03 17:42:44 PST 2017","Sun Dec 03 18:14:54 PST 2017","Mon Dec 04 18:14:54 PST 2017","Mon Dec 04 13:33:52 PST 2017","","","1930","100% (1/1)","100% (1/1)","100% (1/1)","Sad","Sad","Sad","Hate","Love","Happy","Sad","Sad","Love","Love","Sad","Happy","Happy","Happy","Hate"
"3UDTAB6HH718PBV2AK662Z27W66098","3D7SO00DFMQ961B4JTA39YMX2MBVCA","Song Lyrics Emotion Categorization","Identify the emotion elicited or exemplified by the song lyrics","survey, demographics, music, categorization, vulgar language","$0.10","Sun Dec 03 17:29:02 PST 2017","100","BatchId:3034566;OriginalHitTemplateId:920937332;","3600","86400","Tue Dec 05 17:29:02 PST 2017","","","32Z9ZLUT1MMOTI2Y0J1BT1SXOPBOHG","A14SRK8J2NDFOR","Approved","Mon Dec 04 00:41:41 PST 2017","Mon Dec 04 00:43:26 PST 2017","Tue Dec 05 00:43:26 PST 2017","Mon Dec 04 13:33:52 PST 2017","","","105","100% (1/1)","100% (1/1)","100% (1/1)","Love","Hate","Happy","Hate","Sad","Love","Happy","Love","Happy","Happy","Happy","Sad","Happy","Sad","Happy"
"3UDTAB6HH718PBV2AK662Z27W66098","3D7SO00DFMQ961B4JTA39YMX2MBVCA","Song Lyrics Emotion Categorization","Identify the emotion elicited or exemplified by the song lyrics","survey, demographics, music, categorization, vulgar language","$0.10","Sun Dec 03 17:29:02 PST 2017","100","BatchId:3034566;OriginalHitTemplateId:920937332;","3600","86400","Tue Dec 05 17:29:02 PST 2017","","","338JKRMM271ZRE8XQ0WTS68SZ80HA3","A17H0BE1NG5FZN","Approved","Sun Dec 03 20:23:04 PST 2017","Sun Dec 03 20:39:27 PST 2017","Mon Dec 04 20:39:27 PST 2017","Mon Dec 04 13:33:52 PST 2017","","","983","100% (1/1)","100% (1/1)","100% (1/1)","Hate","Sad","Hate","Sad","Happy","Love","Sad","Happy","Love","Sad","Sad","Love","Happy","Happy","Happy"
"3UDTAB6HH718PBV2AK662Z27W66098","3D7SO00DFMQ961B4JTA39YMX2MBVCA","Song Lyrics Emotion Categorization","Identify the emotion elicited or exemplified by the song lyrics","survey, demographics, music, categorization, vulgar language","$0.10","Sun Dec 03 17:29:02 PST 2017","100","BatchId:3034566;OriginalHitTemplateId:920937332;","3600","86400","Tue Dec 05 17:29:02 PST 2017","","","33FBRBDW6P1URI427AYELO5HWSP8CB","A3GERFIF45QJSD","Approved","Sun Dec 03 17:29:31 PST 2017","Sun Dec 03 17:30:17 PST 2017","Mon Dec 04 17:30:17 PST 2017","Mon Dec 04 13:33:53 PST 2017","","","46","100% (1/1)","100% (1/1)","100% (1/1)","Happy","Love","Sad","Happy","Happy","Happy","Love","Hate","Sad","Happy","Happy","Love","Sad","Happy","Happy"
"3UDTAB6HH718PBV2AK662Z27W66098","3D7SO00DFMQ961B4JTA39YMX2MBVCA","Song Lyrics Emotion Categorization","Identify the emotion elicited or exemplified by the song lyrics","survey, demographics, music, categorization, vulgar language","$0.10","Sun Dec 03 17:29:02 PST 2017","100","BatchId:3034566;OriginalHitTemplateId:920937332;","3600","86400","Tue Dec 05 17:29:02 PST 2017","","","33FBRBDW6P1URI427AYELO5HWSY8CK","A9ZBEA4T2FNZ3","Approved","Sun Dec 03 21:49:52 PST 2017","Sun Dec 03 22:09:11 PST 2017","Mon Dec 04 22:09:11 PST 2017","Mon Dec 04 13:33:53 PST 2017","","","1159","100% (1/1)","100% (1/1)","100% (1/1)","Sad","Love","Love","Happy","Love","Love","Hate","Love","Love","Love","Love","Love","Love","Love","Happy"
"3UDTAB6HH718PBV2AK662Z27W66098","3D7SO00DFMQ961B4JTA39YMX2MBVCA","Song Lyrics Emotion Categorization","Identify the emotion elicited or exemplified by the song lyrics","survey, demographics, music, categorization, vulgar language","$0.10","Sun Dec 03 17:29:02 PST 2017","100","BatchId:3034566;OriginalHitTemplateId:920937332;","3600","86400","Tue Dec 05 17:29:02 PST 2017","","","33NF62TLXK41UXC9QRC3YXR3HC0KJS","A3V32BU9KOKF2","Approved","Sun Dec 03 21:28:41 PST 2017","Sun Dec 03 21:32:57 PST 2017","Mon Dec 04 21:32:57 PST 2017","Mon Dec 04 13:33:53 PST 2017","","","256","100% (1/1)","100% (1/1)","100% (1/1)","Love","Sad","Sad","Hate","Sad","Love","Sad","Sad","Love","Sad","Sad","Happy","Sad","Happy","Hate"
"3UDTAB6HH718PBV2AK662Z27W66098","3D7SO00DFMQ961B4JTA39YMX2MBVCA","Song Lyrics Emotion Categorization","Identify the emotion elicited or exemplified by the song lyrics","survey, demographics, music, categorization, vulgar language","$0.10","Sun Dec 03 17:29:02 PST 2017","100","BatchId:3034566;OriginalHitTemplateId:920937332;","3600","86400","Tue Dec 05 17:29:02 PST 2017","","","33OOO72IVINDP2WQA899CK14A5ITCT","A27VFC5C0PPTBY","Approved","Sun Dec 03 21:41:08 PST 2017","Sun Dec 03 21:46:07 PST 2017","Mon Dec 04 21:46:07 PST 2017","Mon Dec 04 13:33:53 PST 2017","","","299","100% (1/1)","100% (1/1)","100% (1/1)","Love","Sad","Love","Hate","Sad","Love","Sad","Hate","Love","Happy","Sad","Happy","Hate","Happy","Hate"
"3UDTAB6HH718PBV2AK662Z27W66098","3D7SO00DFMQ961B4JTA39YMX2MBVCA","Song Lyrics Emotion Categorization","Identify the emotion elicited or exemplified by the song lyrics","survey, demographics, music, categorization, vulgar language","$0.10","Sun Dec 03 17:29:02 PST 2017","100","BatchId:3034566;OriginalHitTemplateId:920937332;","3600","86400","Tue Dec 05 17:29:02 PST 2017","","","34S9DKFK74RSXSSB945M0CNVOBMNY2","A1VF6C9ZSW2K22","Approved","Mon Dec 04 03:15:35 PST 2017","Mon Dec 04 03:20:43 PST 2017","Tue Dec 05 03:20:43 PST 2017","Mon Dec 04 13:33:53 PST 2017","","","308","100% (1/1)","100% (1/1)","100% (1/1)","Sad","Sad","Sad","Hate","Sad","Happy","Sad","Sad","Hate","Sad","Sad","Happy","Sad","Happy","Hate"
"3UDTAB6HH718PBV2AK662Z27W66098","3D7SO00DFMQ961B4JTA39YMX2MBVCA","Song Lyrics Emotion Categorization","Identify the emotion elicited or exemplified by the song lyrics","survey, demographics, music, categorization, vulgar language","$0.10","Sun Dec 03 17:29:02 PST 2017","100","BatchId:3034566;OriginalHitTemplateId:920937332;","3600","86400","Tue Dec 05 17:29:02 PST 2017","","","351SEKWQS1JJHZCK1738ACOU1X5DMJ","A3AAVWQO4NE6LO","Approved","Mon Dec 04 02:40:11 PST 2017","Mon Dec 04 02:44:07 PST 2017","Tue Dec 05 02:44:07 PST 2017","Mon Dec 04 13:33:53 PST 2017","","","236","100% (1/1)","100% (1/1)","100% (1/1)","Sad","Sad","Sad","Hate","Love","Love","Sad","Sad","Love","Sad","Sad","Happy","Hate","Happy","Hate"
"3UDTAB6HH718PBV2AK662Z27W66098","3D7SO00DFMQ961B4JTA39YMX2MBVCA","Song Lyrics Emotion Categorization","Identify the emotion elicited or exemplified by the song lyrics","survey, demographics, music, categorization, vulgar language","$0.10","Sun Dec 03 17:29:02 PST 2017","100","BatchId:3034566;OriginalHitTemplateId:920937332;","3600","86400","Tue Dec 05 17:29:02 PST 2017","","","352YTHGROWFKPPSGHZM2F3MS7Y7H4V","A28A3HF3LSEIDT","Approved","Sun Dec 03 21:48:28 PST 2017","Sun Dec 03 22:00:30 PST 2017","Mon Dec 04 22:00:30 PST 2017","Mon Dec 04 13:33:53 PST 2017","","","722","100% (1/1)","100% (1/1)","100% (1/1)","Love","Hate","Love","Hate","Love","Love","Sad","Love","Love","Sad","Happy","Love","Sad","Love","Love"
"3UDTAB6HH718PBV2AK662Z27W66098","3D7SO00DFMQ961B4JTA39YMX2MBVCA","Song Lyrics Emotion Categorization","Identify the emotion elicited or exemplified by the song lyrics","survey, demographics, music, categorization, vulgar language","$0.10","Sun Dec 03 17:29:02 PST 2017","100","BatchId:3034566;OriginalHitTemplateId:920937332;","3600","86400","Tue Dec 05 17:29:02 PST 2017","","","3570Y55XZQLMN0BPM0SRASEYNZTYGY","AEGKZQKMJTBAJ","Approved","Sun Dec 03 22:04:28 PST 2017","Sun Dec 03 22:07:42 PST 2017","Mon Dec 04 22:07:42 PST 2017","Mon Dec 04 13:33:53 PST 2017","","","194","100% (2/2)","100% (2/2)","100% (2/2)","Love","Sad","Sad","Hate","Love","Love","Sad","Sad","Love","Happy","Sad","Happy","Hate","Sad","Hate"
"3UDTAB6HH718PBV2AK662Z27W66098","3D7SO00DFMQ961B4JTA39YMX2MBVCA","Song Lyrics Emotion Categorization","Identify the emotion elicited or exemplified by the song lyrics","survey, demographics, music, categorization, vulgar language","$0.10","Sun Dec 03 17:29:02 PST 2017","100","BatchId:3034566;OriginalHitTemplateId:920937332;","3600","86400","Tue Dec 05 17:29:02 PST 2017","","","358010RM5FVG5SBA6Z5BRFAZ88GXV9","A3SFHWC62AIHXG","Approved","Sun Dec 03 18:46:37 PST 2017","Sun Dec 03 18:56:42 PST 2017","Mon Dec 04 18:56:42 PST 2017","Mon Dec 04 13:33:53 PST 2017","","","605","100% (1/1)","100% (1/1)","100% (1/1)","Hate","Hate","Sad","Hate","Love","Love","Sad","Sad","Love","Love","Love","Happy","Hate","Sad","Hate"
"3UDTAB6HH718PBV2AK662Z27W66098","3D7SO00DFMQ961B4JTA39YMX2MBVCA","Song Lyrics Emotion Categorization","Identify the emotion elicited or exemplified by the song lyrics","survey, demographics, music, categorization, vulgar language","$0.10","Sun Dec 03 17:29:02 PST 2017","100","BatchId:3034566;OriginalHitTemplateId:920937332;","3600","86400","Tue Dec 05 17:29:02 PST 2017","","","35BLDD71I7Z5ANBP7HTWO0QAG8LZVF","A3I840ZRUE0ATX","Approved","Sun Dec 03 22:16:46 PST 2017","Sun Dec 03 22:20:50 PST 2017","Mon Dec 04 22:20:50 PST 2017","Mon Dec 04 13:33:53 PST 2017","","","244","100% (1/1)","100% (1/1)","100% (1/1)","Hate","Sad","Sad","Hate","Love","Love","Sad","Sad","Love","Love","Love","Happy","Sad","Love","Hate"
"3UDTAB6HH718PBV2AK662Z27W66098","3D7SO00DFMQ961B4JTA39YMX2MBVCA","Song Lyrics Emotion Categorization","Identify the emotion elicited or exemplified by the song lyrics","survey, demographics, music, categorization, vulgar language","$0.10","Sun Dec 03 17:29:02 PST 2017","100","BatchId:3034566;OriginalHitTemplateId:920937332;","3600","86400","Tue Dec 05 17:29:02 PST 2017","","","35GMH2SV3FJC98BWAIT58YVKW9FEOM","A377PON9N4JZEY","Approved","Sun Dec 03 21:49:38 PST 2017","Sun Dec 03 22:23:34 PST 2017","Mon Dec 04 22:23:34 PST 2017","Mon Dec 04 13:33:54 PST 2017","","","2036","100% (1/1)","100% (1/1)","100% (1/1)","Sad","Hate","Sad","Hate","Love","Hate","Sad","Sad","Happy","Hate","Hate","Happy","Happy","Happy","Hate"
"3UDTAB6HH718PBV2AK662Z27W66098","3D7SO00DFMQ961B4JTA39YMX2MBVCA","Song Lyrics Emotion Categorization","Identify the emotion elicited or exemplified by the song lyrics","survey, demographics, music, categorization, vulgar language","$0.10","Sun Dec 03 17:29:02 PST 2017","100","BatchId:3034566;OriginalHitTemplateId:920937332;","3600","86400","Tue Dec 05 17:29:02 PST 2017","","","35GMH2SV3FJC98BWAIT58YVKW9HOEY","A1VBPG20HPQBH4","Approved","Sun Dec 03 23:08:54 PST 2017","Sun Dec 03 23:11:03 PST 2017","Mon Dec 04 23:11:03 PST 2017","Mon Dec 04 13:33:54 PST 2017","","","129","100% (1/1)","100% (1/1)","100% (1/1)","Sad","Love","Sad","Happy","Sad","Love","Sad","Sad","Happy","Sad","Hate","Love","Love","Hate","Hate"
"3UDTAB6HH718PBV2AK662Z27W66098","3D7SO00DFMQ961B4JTA39YMX2MBVCA","Song Lyrics Emotion Categorization","Identify the emotion elicited or exemplified by the song lyrics","survey, demographics, music, categorization, vulgar language","$0.10","Sun Dec 03 17:29:02 PST 2017","100","BatchId:3034566;OriginalHitTemplateId:920937332;","3600","86400","Tue Dec 05 17:29:02 PST 2017","","","36V4Q8R5ZL2D68GP6T9SABVTKCKMQN","A1C8FN01981A69","Approved","Sun Dec 03 19:59:35 PST 2017","Sun Dec 03 20:02:24 PST 2017","Mon Dec 04 20:02:24 PST 2017","Mon Dec 04 13:33:54 PST 2017","","","169","100% (1/1)","100% (1/1)","100% (1/1)","Sad","Sad","Sad","Hate","Love","Love","Sad","Sad","Happy","Sad","Sad","Happy","Sad","Happy","Hate"
"3UDTAB6HH718PBV2AK662Z27W66098","3D7SO00DFMQ961B4JTA39YMX2MBVCA","Song Lyrics Emotion Categorization","Identify the emotion elicited or exemplified by the song lyrics","survey, demographics, music, categorization, vulgar language","$0.10","Sun Dec 03 17:29:02 PST 2017","100","BatchId:3034566;OriginalHitTemplateId:920937332;","3600","86400","Tue Dec 05 17:29:02 PST 2017","","","36V4Q8R5ZL2D68GP6T9SABVTKCLMQO","A1TMOVGQB7PY42","Approved","Sun Dec 03 20:24:44 PST 2017","Sun Dec 03 20:32:17 PST 2017","Mon Dec 04 20:32:17 PST 2017","Mon Dec 04 13:33:54 PST 2017","","","453","100% (1/1)","100% (1/1)","100% (1/1)","Love","Sad","Sad","Hate","Love","Happy","Sad","Sad","Love","Sad","Love","Happy","Hate","Happy","Hate"
"3UDTAB6HH718PBV2AK662Z27W66098","3D7SO00DFMQ961B4JTA39YMX2MBVCA","Song Lyrics Emotion Categorization","Identify the emotion elicited or exemplified by the song lyrics","survey, demographics, music, categorization, vulgar language","$0.10","Sun Dec 03 17:29:02 PST 2017","100","BatchId:3034566;OriginalHitTemplateId:920937332;","3600","86400","Tue Dec 05 17:29:02 PST 2017","","","36W0OB37HXG0SMG52SCS9ZZ18TAHZ7","A3TDR6MXS6UO5Z","Approved","Sun Dec 03 21:56:09 PST 2017","Sun Dec 03 22:13:15 PST 2017","Mon Dec 04 22:13:15 PST 2017","Mon Dec 04 13:33:54 PST 2017","","","1026","100% (1/1)","100% (1/1)","100% (1/1)","Happy","Love","Happy","Love","Love","Happy","Love","Love","Happy","Love","Happy","Love","Happy","Love","Love"
"3UDTAB6HH718PBV2AK662Z27W66098","3D7SO00DFMQ961B4JTA39YMX2MBVCA","Song Lyrics Emotion Categorization","Identify the emotion elicited or exemplified by the song lyrics","survey, demographics, music, categorization, vulgar language","$0.10","Sun Dec 03 17:29:02 PST 2017","100","BatchId:3034566;OriginalHitTemplateId:920937332;","3600","86400","Tue Dec 05 17:29:02 PST 2017","","","36WLNQG780CSQEMN6DOJ2EVLPA1BEK","AA3V5BYE3MSQW","Approved","Mon Dec 04 01:48:16 PST 2017","Mon Dec 04 01:53:35 PST 2017","Tue Dec 05 01:53:35 PST 2017","Mon Dec 04 13:33:54 PST 2017","","","319","100% (1/1)","100% (1/1)","100% (1/1)","Love","Sad","Sad","Hate","Love","Happy","Happy","Hate","Love","Hate","Love","Happy","Hate","Sad","Hate"
"3UDTAB6HH718PBV2AK662Z27W66098","3D7SO00DFMQ961B4JTA39YMX2MBVCA","Song Lyrics Emotion Categorization","Identify the emotion elicited or exemplified by the song lyrics","survey, demographics, music, categorization, vulgar language","$0.10","Sun Dec 03 17:29:02 PST 2017","100","BatchId:3034566;OriginalHitTemplateId:920937332;","3600","86400","Tue Dec 05 17:29:02 PST 2017","","","373ERPL3YPAHV4L9S5Z41F0QA6ERTQ","A2XUEH0BCA4V09","Approved","Sun Dec 03 18:10:05 PST 2017","Sun Dec 03 18:17:09 PST 2017","Mon Dec 04 18:17:09 PST 2017","Mon Dec 04 13:33:54 PST 2017","","","424","100% (1/1)","100% (1/1)","100% (1/1)","Love","Sad","Sad","Hate","Love","Love","Sad","Sad","Love","Sad","Love","Happy","Love","Love","Hate"
"3UDTAB6HH718PBV2AK662Z27W66098","3D7SO00DFMQ961B4JTA39YMX2MBVCA","Song Lyrics Emotion Categorization","Identify the emotion elicited or exemplified by the song lyrics","survey, demographics, music, categorization, vulgar language","$0.10","Sun Dec 03 17:29:02 PST 2017","100","BatchId:3034566;OriginalHitTemplateId:920937332;","3600","86400","Tue Dec 05 17:29:02 PST 2017","","","37TRT2X24RT01U8FKEZAZU8DUIUBJ2","A212WC09HYRZ7K","Approved","Sun Dec 03 22:59:43 PST 2017","Sun Dec 03 23:08:22 PST 2017","Mon Dec 04 23:08:22 PST 2017","Mon Dec 04 13:33:55 PST 2017","","","519","100% (1/1)","100% (1/1)","100% (1/1)","Sad","Sad","Sad","Hate","Love","Love","Sad","Sad","Happy","Sad","Love","Happy","Love","Hate","Hate"
"3UDTAB6HH718PBV2AK662Z27W66098","3D7SO00DFMQ961B4JTA39YMX2MBVCA","Song Lyrics Emotion Categorization","Identify the emotion elicited or exemplified by the song lyrics","survey, demographics, music, categorization, vulgar language","$0.10","Sun Dec 03 17:29:02 PST 2017","100","BatchId:3034566;OriginalHitTemplateId:920937332;","3600","86400","Tue Dec 05 17:29:02 PST 2017","","","37UQDCYH6YXMQD5JOM1DXGXB6F7V7I","AJ0PDO28AOBGJ","Approved","Sun Dec 03 21:32:42 PST 2017","Sun Dec 03 21:36:57 PST 2017","Mon Dec 04 21:36:57 PST 2017","Mon Dec 04 13:33:55 PST 2017","","","255","100% (1/1)","100% (1/1)","100% (1/1)","Love","Love","Love","Hate","Love","Love","Sad","Love","Love","Hate","Love","Happy","Happy","Happy","Hate"
"3UDTAB6HH718PBV2AK662Z27W66098","3D7SO00DFMQ961B4JTA39YMX2MBVCA","Song Lyrics Emotion Categorization","Identify the emotion elicited or exemplified by the song lyrics","survey, demographics, music, categorization, vulgar language","$0.10","Sun Dec 03 17:29:02 PST 2017","100","BatchId:3034566;OriginalHitTemplateId:920937332;","3600","86400","Tue Dec 05 17:29:02 PST 2017","","","37WLF8U1WQSP62X268IEPTMYV6K6KC","A11961SJY9PA70","Approved","Sun Dec 03 23:24:17 PST 2017","Sun Dec 03 23:41:02 PST 2017","Mon Dec 04 23:41:02 PST 2017","Mon Dec 04 13:33:55 PST 2017","","","1005","100% (1/1)","100% (1/1)","100% (1/1)","Sad","Hate","Sad","Hate","Love","Love","Happy","Sad","Happy","Hate","Sad","Happy","Sad","Happy","Hate"
"3UDTAB6HH718PBV2AK662Z27W66098","3D7SO00DFMQ961B4JTA39YMX2MBVCA","Song Lyrics Emotion Categorization","Identify the emotion elicited or exemplified by the song lyrics","survey, demographics, music, categorization, vulgar language","$0.10","Sun Dec 03 17:29:02 PST 2017","100","BatchId:3034566;OriginalHitTemplateId:920937332;","3600","86400","Tue Dec 05 17:29:02 PST 2017","","","3907X2AHF172ZSBHWYBJVXRL9BL2PP","A1DR8T1SIVDUK8","Approved","Sun Dec 03 21:48:23 PST 2017","Sun Dec 03 21:58:49 PST 2017","Mon Dec 04 21:58:49 PST 2017","Mon Dec 04 13:33:55 PST 2017","","","626","100% (1/1)","100% (1/1)","100% (1/1)","Sad","Sad","Love","Happy","Love","Love","Happy","Sad","Love","Happy","Love","Happy","Happy","Happy","Happy"
"3UDTAB6HH718PBV2AK662Z27W66098","3D7SO00DFMQ961B4JTA39YMX2MBVCA","Song Lyrics Emotion Categorization","Identify the emotion elicited or exemplified by the song lyrics","survey, demographics, music, categorization, vulgar language","$0.10","Sun Dec 03 17:29:02 PST 2017","100","BatchId:3034566;OriginalHitTemplateId:920937332;","3600","86400","Tue Dec 05 17:29:02 PST 2017","","","39ASUFLU6Y9Z3HPOB9G1RBMD8DJXE9","AJ32V2I6J9PET","Approved","Sun Dec 03 21:48:30 PST 2017","Sun Dec 03 22:10:56 PST 2017","Mon Dec 04 22:10:56 PST 2017","Mon Dec 04 13:33:55 PST 2017","","","1346","100% (1/1)","100% (1/1)","100% (1/1)","Sad","Sad","Happy","Sad","Happy","Love","Hate","Sad","Love","Hate","Love","Love","Sad","Happy","Happy"
"3UDTAB6HH718PBV2AK662Z27W66098","3D7SO00DFMQ961B4JTA39YMX2MBVCA","Song Lyrics Emotion Categorization","Identify the emotion elicited or exemplified by the song lyrics","survey, demographics, music, categorization, vulgar language","$0.10","Sun Dec 03 17:29:02 PST 2017","100","BatchId:3034566;OriginalHitTemplateId:920937332;","3600","86400","Tue Dec 05 17:29:02 PST 2017","","","39JEC7537V3S2U0FF39OD2PP7QVCVP","A6C45IOJS8GGG","Approved","Sun Dec 03 20:00:05 PST 2017","Sun Dec 03 20:11:38 PST 2017","Mon Dec 04 20:11:38 PST 2017","Mon Dec 04 13:33:55 PST 2017","","","693","100% (1/1)","100% (1/1)","100% (1/1)","Hate","Love","Happy","Sad","Happy","Love","Happy","Sad","Love","Love","Love","Happy","Happy","Happy","Sad"
"3UDTAB6HH718PBV2AK662Z27W66098","3D7SO00DFMQ961B4JTA39YMX2MBVCA","Song Lyrics Emotion Categorization","Identify the emotion elicited or exemplified by the song lyrics","survey, demographics, music, categorization, vulgar language","$0.10","Sun Dec 03 17:29:02 PST 2017","100","BatchId:3034566;OriginalHitTemplateId:920937332;","3600","86400","Tue Dec 05 17:29:02 PST 2017","","","39L1G8WVWRTO3IOYFWEYDBEFC9E13U","A1YELB1BVM9ARY","Approved","Sun Dec 03 21:08:24 PST 2017","Sun Dec 03 21:16:57 PST 2017","Mon Dec 04 21:16:57 PST 2017","Mon Dec 04 13:33:55 PST 2017","","","513","100% (1/1)","100% (1/1)","100% (1/1)","Hate","Sad","Hate","Hate","Love","Happy","Sad","Sad","Hate","Love","Sad","Happy","Sad","Happy","Hate"
"3UDTAB6HH718PBV2AK662Z27W66098","3D7SO00DFMQ961B4JTA39YMX2MBVCA","Song Lyrics Emotion Categorization","Identify the emotion elicited or exemplified by the song lyrics","survey, demographics, music, categorization, vulgar language","$0.10","Sun Dec 03 17:29:02 PST 2017","100","BatchId:3034566;OriginalHitTemplateId:920937332;","3600","86400","Tue Dec 05 17:29:02 PST 2017","","","3A7Y0R2P2PQ7EXBGPARSORZ5DLFXJU","A2Q1JUSJ9THUDZ","Approved","Sun Dec 03 21:48:51 PST 2017","Sun Dec 03 21:56:07 PST 2017","Mon Dec 04 21:56:07 PST 2017","Mon Dec 04 13:33:55 PST 2017","","","436","100% (1/1)","100% (1/1)","100% (1/1)","Love","Sad","Love","Hate","Love","Love","Happy","Sad","Love","Love","Sad","Happy","Happy","Sad","Sad"
"3UDTAB6HH718PBV2AK662Z27W66098","3D7SO00DFMQ961B4JTA39YMX2MBVCA","Song Lyrics Emotion Categorization","Identify the emotion elicited or exemplified by the song lyrics","survey, demographics, music, categorization, vulgar language","$0.10","Sun Dec 03 17:29:02 PST 2017","100","BatchId:3034566;OriginalHitTemplateId:920937332;","3600","86400","Tue Dec 05 17:29:02 PST 2017","","","3AMW0RGHOE4YOE0AIH93NLUJK6APN1","A3KF4IP2MUS8QQ","Approved","Sun Dec 03 20:57:34 PST 2017","Sun Dec 03 21:09:46 PST 2017","Mon Dec 04 21:09:46 PST 2017","Mon Dec 04 13:33:55 PST 2017","","","732","100% (1/1)","100% (1/1)","100% (1/1)","Love","Sad","Sad","Hate","Sad","Happy","Sad","Sad","Love","Love","Love","Happy","Hate","Happy","Hate"
"3UDTAB6HH718PBV2AK662Z27W66098","3D7SO00DFMQ961B4JTA39YMX2MBVCA","Song Lyrics Emotion Categorization","Identify the emotion elicited or exemplified by the song lyrics","survey, demographics, music, categorization, vulgar language","$0.10","Sun Dec 03 17:29:02 PST 2017","100","BatchId:3034566;OriginalHitTemplateId:920937332;","3600","86400","Tue Dec 05 17:29:02 PST 2017","","","3AZHRG4CU5MOWT3GJDAYZ6V57H930U","AEOT74WAPK0A4","Approved","Sun Dec 03 21:49:39 PST 2017","Sun Dec 03 22:07:45 PST 2017","Mon Dec 04 22:07:45 PST 2017","Mon Dec 04 13:33:56 PST 2017","","","1086","100% (1/1)","100% (1/1)","100% (1/1)","Happy","Love","Happy","Sad","Happy","Happy","Happy","Sad","Happy","Happy","Happy","Happy","Sad","Sad","Happy"
"3UDTAB6HH718PBV2AK662Z27W66098","3D7SO00DFMQ961B4JTA39YMX2MBVCA","Song Lyrics Emotion Categorization","Identify the emotion elicited or exemplified by the song lyrics","survey, demographics, music, categorization, vulgar language","$0.10","Sun Dec 03 17:29:02 PST 2017","100","BatchId:3034566;OriginalHitTemplateId:920937332;","3600","86400","Tue Dec 05 17:29:02 PST 2017","","","3B837J3LDPYGG48U35UERA448N8SRA","A2RG35OL29USIZ","Approved","Sun Dec 03 21:55:33 PST 2017","Sun Dec 03 22:02:18 PST 2017","Mon Dec 04 22:02:18 PST 2017","Mon Dec 04 13:33:56 PST 2017","","","405","100% (1/1)","100% (1/1)","100% (1/1)","Happy","Love","Happy","Sad","Love","Love","Love","Happy","Sad","Happy","Happy","Happy","Love","Happy","Happy"
"3UDTAB6HH718PBV2AK662Z27W66098","3D7SO00DFMQ961B4JTA39YMX2MBVCA","Song Lyrics Emotion Categorization","Identify the emotion elicited or exemplified by the song lyrics","survey, demographics, music, categorization, vulgar language","$0.10","Sun Dec 03 17:29:02 PST 2017","100","BatchId:3034566;OriginalHitTemplateId:920937332;","3600","86400","Tue Dec 05 17:29:02 PST 2017","","","3BGYGHDBBYM67LABU007ZKJSY1Y227","A2OD4LJKPZDL2J","Approved","Mon Dec 04 01:07:41 PST 2017","Mon Dec 04 01:14:54 PST 2017","Tue Dec 05 01:14:54 PST 2017","Mon Dec 04 13:33:56 PST 2017","","","433","100% (1/1)","100% (1/1)","100% (1/1)","Sad","Love","Happy","Hate","Love","Love","Sad","Hate","Happy","Sad","Happy","Hate","Happy","Sad","Happy"
"3UDTAB6HH718PBV2AK662Z27W66098","3D7SO00DFMQ961B4JTA39YMX2MBVCA","Song Lyrics Emotion Categorization","Identify the emotion elicited or exemplified by the song lyrics","survey, demographics, music, categorization, vulgar language","$0.10","Sun Dec 03 17:29:02 PST 2017","100","BatchId:3034566;OriginalHitTemplateId:920937332;","3600","86400","Tue Dec 05 17:29:02 PST 2017","","","3BV8HQ2ZZX3JUPOGUH5PVFJ2QUT6A0","A10443E11ZWEHJ","Approved","Mon Dec 04 02:51:20 PST 2017","Mon Dec 04 03:00:11 PST 2017","Tue Dec 05 03:00:11 PST 2017","Mon Dec 04 13:33:56 PST 2017","","","531","100% (1/1)","100% (1/1)","100% (1/1)","Sad","Sad","Sad","Hate","Love","Love","Sad","Hate","Love","Sad","Sad","Happy","Sad","Hate","Hate"
"3UDTAB6HH718PBV2AK662Z27W66098","3D7SO00DFMQ961B4JTA39YMX2MBVCA","Song Lyrics Emotion Categorization","Identify the emotion elicited or exemplified by the song lyrics","survey, demographics, music, categorization, vulgar language","$0.10","Sun Dec 03 17:29:02 PST 2017","100","BatchId:3034566;OriginalHitTemplateId:920937332;","3600","86400","Tue Dec 05 17:29:02 PST 2017","","","3EJPLAJKENIKVXWO69LOC8ABZFKZ6E","A2X3QCJK0H18T8","Approved","Sun Dec 03 17:33:31 PST 2017","Sun Dec 03 17:38:45 PST 2017","Mon Dec 04 17:38:45 PST 2017","Mon Dec 04 13:33:56 PST 2017","","","314","100% (1/1)","100% (1/1)","100% (1/1)","Love","Sad","Sad","Sad","Love","Love","Sad","Happy","Happy","Hate","Sad","Happy","Sad","Happy","Hate"
"3UDTAB6HH718PBV2AK662Z27W66098","3D7SO00DFMQ961B4JTA39YMX2MBVCA","Song Lyrics Emotion Categorization","Identify the emotion elicited or exemplified by the song lyrics","survey, demographics, music, categorization, vulgar language","$0.10","Sun Dec 03 17:29:02 PST 2017","100","BatchId:3034566;OriginalHitTemplateId:920937332;","3600","86400","Tue Dec 05 17:29:02 PST 2017","","","3F6HPJW4JE2SJ18I8KPENRZH28P2WL","A22GVUGZ3FI2CY","Approved","Sun Dec 03 22:23:24 PST 2017","Sun Dec 03 22:25:33 PST 2017","Mon Dec 04 22:25:33 PST 2017","Mon Dec 04 13:33:56 PST 2017","","","129","100% (1/1)","100% (1/1)","100% (1/1)","Love","Sad","Love","Hate","Love","Love","Love","Sad","Love","Sad","Love","Happy","Happy","Happy","Hate"
"3UDTAB6HH718PBV2AK662Z27W66098","3D7SO00DFMQ961B4JTA39YMX2MBVCA","Song Lyrics Emotion Categorization","Identify the emotion elicited or exemplified by the song lyrics","survey, demographics, music, categorization, vulgar language","$0.10","Sun Dec 03 17:29:02 PST 2017","100","BatchId:3034566;OriginalHitTemplateId:920937332;","3600","86400","Tue Dec 05 17:29:02 PST 2017","","","3F6KKYWMNC3PZHXKD8I8NRDU6N1NDF","A19TMBODLD71VN","Approved","Sun Dec 03 18:12:28 PST 2017","Sun Dec 03 18:16:53 PST 2017","Mon Dec 04 18:16:53 PST 2017","Mon Dec 04 13:33:56 PST 2017","","","265","100% (1/1)","100% (1/1)","100% (1/1)","Sad","Hate","Sad","Hate","Love","Love","Happy","Sad","Love","Sad","Sad","Happy","Hate","Happy","Hate"
"3UDTAB6HH718PBV2AK662Z27W66098","3D7SO00DFMQ961B4JTA39YMX2MBVCA","Song Lyrics Emotion Categorization","Identify the emotion elicited or exemplified by the song lyrics","survey, demographics, music, categorization, vulgar language","$0.10","Sun Dec 03 17:29:02 PST 2017","100","BatchId:3034566;OriginalHitTemplateId:920937332;","3600","86400","Tue Dec 05 17:29:02 PST 2017","","","3FE2ERCCZYAG6Z0MJW9G2AUOAGOOPO","A3FC9TXW4L9ZT5","Approved","Mon Dec 04 03:20:06 PST 2017","Mon Dec 04 03:33:08 PST 2017","Tue Dec 05 03:33:08 PST 2017","Mon Dec 04 13:33:56 PST 2017","","","782","100% (1/1)","100% (1/1)","100% (1/1)","Love","Love","Sad","Happy","Love","Love","Sad","Sad","Love","Hate","Sad","Happy","Sad","Sad","Sad"
"3UDTAB6HH718PBV2AK662Z27W66098","3D7SO00DFMQ961B4JTA39YMX2MBVCA","Song Lyrics Emotion Categorization","Identify the emotion elicited or exemplified by the song lyrics","survey, demographics, music, categorization, vulgar language","$0.10","Sun Dec 03 17:29:02 PST 2017","100","BatchId:3034566;OriginalHitTemplateId:920937332;","3600","86400","Tue Dec 05 17:29:02 PST 2017","","","3FE7TXL1LJPNZ4CWWBQ8V2HVE772QG","A3ARZI0MED7JPG","Approved","Sun Dec 03 21:48:28 PST 2017","Sun Dec 03 22:03:01 PST 2017","Mon Dec 04 22:03:01 PST 2017","Mon Dec 04 13:33:56 PST 2017","","","873","100% (1/1)","100% (1/1)","100% (1/1)","Sad","Love","Happy","Sad","Love","Love","Happy","Love","Love","Love","Love","Happy","Happy","Happy","Happy"
"3UDTAB6HH718PBV2AK662Z27W66098","3D7SO00DFMQ961B4JTA39YMX2MBVCA","Song Lyrics Emotion Categorization","Identify the emotion elicited or exemplified by the song lyrics","survey, demographics, music, categorization, vulgar language","$0.10","Sun Dec 03 17:29:02 PST 2017","100","BatchId:3034566;OriginalHitTemplateId:920937332;","3600","86400","Tue Dec 05 17:29:02 PST 2017","","","3G0WWMR1UWMJOQ1PIUOSNQKTP24NQY","A2FO54E1G0U9WB","Approved","Mon Dec 04 02:41:18 PST 2017","Mon Dec 04 02:44:14 PST 2017","Tue Dec 05 02:44:14 PST 2017","Mon Dec 04 13:33:57 PST 2017","","","176","100% (1/1)","100% (1/1)","100% (1/1)","Love","Hate","Sad","Hate","Love","Love","Sad","Sad","Hate","Sad","Sad","Happy","Happy","Sad","Hate"
"3UDTAB6HH718PBV2AK662Z27W66098","3D7SO00DFMQ961B4JTA39YMX2MBVCA","Song Lyrics Emotion Categorization","Identify the emotion elicited or exemplified by the song lyrics","survey, demographics, music, categorization, vulgar language","$0.10","Sun Dec 03 17:29:02 PST 2017","100","BatchId:3034566;OriginalHitTemplateId:920937332;","3600","86400","Tue Dec 05 17:29:02 PST 2017","","","3GDTJDAPVVD704GTKZSSOKATQ6Y8MY","A2URJ0DDMLYZP2","Approved","Sun Dec 03 19:52:17 PST 2017","Sun Dec 03 19:57:02 PST 2017","Mon Dec 04 19:57:02 PST 2017","Mon Dec 04 13:33:57 PST 2017","","","285","100% (1/1)","100% (1/1)","100% (1/1)","Sad","Sad","Sad","Hate","Love","Love","Happy","Sad","Happy","Sad","Sad","Happy","Happy","Love","Hate"
"3UDTAB6HH718PBV2AK662Z27W66098","3D7SO00DFMQ961B4JTA39YMX2MBVCA","Song Lyrics Emotion Categorization","Identify the emotion elicited or exemplified by the song lyrics","survey, demographics, music, categorization, vulgar language","$0.10","Sun Dec 03 17:29:02 PST 2017","100","BatchId:3034566;OriginalHitTemplateId:920937332;","3600","86400","Tue Dec 05 17:29:02 PST 2017","","","3GFK2QRXXAJKIYR5Q3RCLY2TMIBW5B","AEZL2AE6EU4FG","Approved","Sun Dec 03 20:14:41 PST 2017","Sun Dec 03 20:15:57 PST 2017","Mon Dec 04 20:15:57 PST 2017","Mon Dec 04 13:33:57 PST 2017","","","76","100% (1/1)","100% (1/1)","100% (1/1)","Happy","Sad","Love","Love","Happy","Hate","Happy","Love","Love","Love","Sad","Hate","Happy","Sad","Happy"
"3UDTAB6HH718PBV2AK662Z27W66098","3D7SO00DFMQ961B4JTA39YMX2MBVCA","Song Lyrics Emotion Categorization","Identify the emotion elicited or exemplified by the song lyrics","survey, demographics, music, categorization, vulgar language","$0.10","Sun Dec 03 17:29:02 PST 2017","100","BatchId:3034566;OriginalHitTemplateId:920937332;","3600","86400","Tue Dec 05 17:29:02 PST 2017","","","3GFK2QRXXAJKIYR5Q3RCLY2TMIF5WO","AA9YQ6WOHEH1R","Approved","Sun Dec 03 21:49:34 PST 2017","Sun Dec 03 22:00:37 PST 2017","Mon Dec 04 22:00:37 PST 2017","Mon Dec 04 13:33:57 PST 2017","","","663","100% (1/1)","100% (1/1)","100% (1/1)","Happy","Sad","Happy","Love","Happy","Love","Hate","Sad","Love","Sad","Happy","Happy","Sad","Hate","Happy"
"3UDTAB6HH718PBV2AK662Z27W66098","3D7SO00DFMQ961B4JTA39YMX2MBVCA","Song Lyrics Emotion Categorization","Identify the emotion elicited or exemplified by the song lyrics","survey, demographics, music, categorization, vulgar language","$0.10","Sun Dec 03 17:29:02 PST 2017","100","BatchId:3034566;OriginalHitTemplateId:920937332;","3600","86400","Tue Dec 05 17:29:02 PST 2017","","","3GNA64GUZF6FY1VJEUS6T9K7YHQQ5X","A5DSYVNGYLCA5","Approved","Sun Dec 03 18:17:38 PST 2017","Sun Dec 03 18:19:44 PST 2017","Mon Dec 04 18:19:44 PST 2017","Mon Dec 04 13:33:57 PST 2017","","","126","100% (1/1)","100% (1/1)","100% (1/1)","Sad","Hate","Happy","Sad","Happy","Love","Happy","Love","Love","Happy","Love","Happy","Sad","Hate","Happy"
"3UDTAB6HH718PBV2AK662Z27W66098","3D7SO00DFMQ961B4JTA39YMX2MBVCA","Song Lyrics Emotion Categorization","Identify the emotion elicited or exemplified by the song lyrics","survey, demographics, music, categorization, vulgar language","$0.10","Sun Dec 03 17:29:02 PST 2017","100","BatchId:3034566;OriginalHitTemplateId:920937332;","3600","86400","Tue Dec 05 17:29:02 PST 2017","","","3H0W84IWBL4F6L3C2AA92T0P7W4RED","A2GTY8GLAYN9BU","Approved","Mon Dec 04 02:05:01 PST 2017","Mon Dec 04 02:05:52 PST 2017","Tue Dec 05 02:05:52 PST 2017","Mon Dec 04 13:33:57 PST 2017","","","51","100% (1/1)","100% (1/1)","100% (1/1)","Love","Happy","Love","Love","Love","Love","Love","Happy","Happy","Happy","Happy","Happy","Love","Love","Love"
"3UDTAB6HH718PBV2AK662Z27W66098","3D7SO00DFMQ961B4JTA39YMX2MBVCA","Song Lyrics Emotion Categorization","Identify the emotion elicited or exemplified by the song lyrics","survey, demographics, music, categorization, vulgar language","$0.10","Sun Dec 03 17:29:02 PST 2017","100","BatchId:3034566;OriginalHitTemplateId:920937332;","3600","86400","Tue Dec 05 17:29:02 PST 2017","","","3HWRJOOET64R703PHZAES35LTYIESJ","A2IJQ30G1BWGVK","Approved","Sun Dec 03 21:49:53 PST 2017","Sun Dec 03 22:23:35 PST 2017","Mon Dec 04 22:23:35 PST 2017","Mon Dec 04 13:33:57 PST 2017","","","2022","100% (1/1)","100% (1/1)","100% (1/1)","Sad","Hate","Sad","Hate","Love","Hate","Sad","Sad","Happy","Hate","Happy","Happy","Happy","Happy","Hate"
"3UDTAB6HH718PBV2AK662Z27W66098","3D7SO00DFMQ961B4JTA39YMX2MBVCA","Song Lyrics Emotion Categorization","Identify the emotion elicited or exemplified by the song lyrics","survey, demographics, music, categorization, vulgar language","$0.10","Sun Dec 03 17:29:02 PST 2017","100","BatchId:3034566;OriginalHitTemplateId:920937332;","3600","86400","Tue Dec 05 17:29:02 PST 2017","","","3I33IC7ZWG4VCO5F7FTM522QAPCA28","A1SP4XA17LVUQI","Approved","Sun Dec 03 17:40:56 PST 2017","Sun Dec 03 17:54:57 PST 2017","Mon Dec 04 17:54:57 PST 2017","Mon Dec 04 13:33:57 PST 2017","","","841","100% (1/1)","100% (1/1)","100% (1/1)","Hate","Sad","Sad","Hate","Love","Love","Sad","Sad","Love","Sad","Sad","Happy","Hate","Happy","Hate"
"3UDTAB6HH718PBV2AK662Z27W66098","3D7SO00DFMQ961B4JTA39YMX2MBVCA","Song Lyrics Emotion Categorization","Identify the emotion elicited or exemplified by the song lyrics","survey, demographics, music, categorization, vulgar language","$0.10","Sun Dec 03 17:29:02 PST 2017","100","BatchId:3034566;OriginalHitTemplateId:920937332;","3600","86400","Tue Dec 05 17:29:02 PST 2017","","","3I3WADAZ9R6CDPI3ZH0244P7JGG5OC","A1SBFOZG5J97Z1","Approved","Sun Dec 03 21:48:07 PST 2017","Sun Dec 03 21:54:26 PST 2017","Mon Dec 04 21:54:26 PST 2017","Mon Dec 04 13:33:57 PST 2017","","","379","100% (1/1)","100% (1/1)","100% (1/1)","Hate","Love","Happy","Sad","Happy","Love","Love","Sad","Love","Sad","Sad","Happy","Happy","Happy","Happy"
"3UDTAB6HH718PBV2AK662Z27W66098","3D7SO00DFMQ961B4JTA39YMX2MBVCA","Song Lyrics Emotion Categorization","Identify the emotion elicited or exemplified by the song lyrics","survey, demographics, music, categorization, vulgar language","$0.10","Sun Dec 03 17:29:02 PST 2017","100","BatchId:3034566;OriginalHitTemplateId:920937332;","3600","86400","Tue Dec 05 17:29:02 PST 2017","","","3IOEN3P9S8LN01BGYYCWKEQZM0916T","A32Y9JC775LYLV","Approved","Sun Dec 03 17:57:54 PST 2017","Sun Dec 03 17:58:55 PST 2017","Mon Dec 04 17:58:55 PST 2017","Mon Dec 04 13:33:58 PST 2017","","","61","100% (1/1)","100% (1/1)","100% (1/1)","Love","Sad","Happy","Sad","Hate","Love","Happy","Love","Hate","Love","Happy","Love","Sad","Hate","Happy"
"3UDTAB6HH718PBV2AK662Z27W66098","3D7SO00DFMQ961B4JTA39YMX2MBVCA","Song Lyrics Emotion Categorization","Identify the emotion elicited or exemplified by the song lyrics","survey, demographics, music, categorization, vulgar language","$0.10","Sun Dec 03 17:29:02 PST 2017","100","BatchId:3034566;OriginalHitTemplateId:920937332;","3600","86400","Tue Dec 05 17:29:02 PST 2017","","","3JMSRU9HQJW7ZSKTBUFJ3QPSS2NVEG","A2OTFQLOI7628B","Approved","Mon Dec 04 05:23:37 PST 2017","Mon Dec 04 05:26:57 PST 2017","Tue Dec 05 05:26:57 PST 2017","Mon Dec 04 13:33:58 PST 2017","","","200","100% (1/1)","100% (1/1)","100% (1/1)","Sad","Sad","Sad","Hate","Love","Love","Sad","Sad","Love","Happy","Sad","Happy","Sad","Happy","Hate"
"3UDTAB6HH718PBV2AK662Z27W66098","3D7SO00DFMQ961B4JTA39YMX2MBVCA","Song Lyrics Emotion Categorization","Identify the emotion elicited or exemplified by the song lyrics","survey, demographics, music, categorization, vulgar language","$0.10","Sun Dec 03 17:29:02 PST 2017","100","BatchId:3034566;OriginalHitTemplateId:920937332;","3600","86400","Tue Dec 05 17:29:02 PST 2017","","","3KRVW3HTZONPJOV2YXYX5BAU200MS7","A1WUZOLVPEXOLE","Approved","Sun Dec 03 17:44:14 PST 2017","Sun Dec 03 17:45:49 PST 2017","Mon Dec 04 17:45:49 PST 2017","Mon Dec 04 13:33:58 PST 2017","","","95","100% (1/1)","100% (1/1)","100% (1/1)","Love","Love","Happy","Sad","Love","Love","Love","Love","Happy","Sad","Love","Love","Happy","Hate","Love"
"3UDTAB6HH718PBV2AK662Z27W66098","3D7SO00DFMQ961B4JTA39YMX2MBVCA","Song Lyrics Emotion Categorization","Identify the emotion elicited or exemplified by the song lyrics","survey, demographics, music, categorization, vulgar language","$0.10","Sun Dec 03 17:29:02 PST 2017","100","BatchId:3034566;OriginalHitTemplateId:920937332;","3600","86400","Tue Dec 05 17:29:02 PST 2017","","","3KV0LJBBH3NDI9VPJ8YSF15YGYOMRQ","ANMD34DNHLOLC","Approved","Sun Dec 03 20:50:05 PST 2017","Sun Dec 03 20:53:06 PST 2017","Mon Dec 04 20:53:06 PST 2017","Mon Dec 04 13:33:58 PST 2017","","","181","100% (1/1)","100% (1/1)","100% (1/1)","Love","Sad","Sad","Hate","Love","Love","Sad","Sad","Love","Sad","Love","Happy","Sad","Happy","Hate"
"3UDTAB6HH718PBV2AK662Z27W66098","3D7SO00DFMQ961B4JTA39YMX2MBVCA","Song Lyrics Emotion Categorization","Identify the emotion elicited or exemplified by the song lyrics","survey, demographics, music, categorization, vulgar language","$0.10","Sun Dec 03 17:29:02 PST 2017","100","BatchId:3034566;OriginalHitTemplateId:920937332;","3600","86400","Tue Dec 05 17:29:02 PST 2017","","","3M1CVSFP617C47709QJN1K0TQV1AQX","AC7QPNOH2LELF","Approved","Sun Dec 03 22:53:32 PST 2017","Sun Dec 03 22:59:40 PST 2017","Mon Dec 04 22:59:40 PST 2017","Mon Dec 04 13:33:58 PST 2017","","","368","100% (1/1)","100% (1/1)","100% (1/1)","Sad","Sad","Love","Hate","Sad","Love","Sad","Sad","Love","Love","Love","Happy","Sad","Happy","Hate"
"3UDTAB6HH718PBV2AK662Z27W66098","3D7SO00DFMQ961B4JTA39YMX2MBVCA","Song Lyrics Emotion Categorization","Identify the emotion elicited or exemplified by the song lyrics","survey, demographics, music, categorization, vulgar language","$0.10","Sun Dec 03 17:29:02 PST 2017","100","BatchId:3034566;OriginalHitTemplateId:920937332;","3600","86400","Tue Dec 05 17:29:02 PST 2017","","","3MMN5BL1W06LZ7AN8IXWX32IAK13MW","A3TUJHF9LW3M8N","Approved","Sun Dec 03 17:30:07 PST 2017","Sun Dec 03 17:33:09 PST 2017","Mon Dec 04 17:33:09 PST 2017","Mon Dec 04 13:33:58 PST 2017","","","182","100% (1/1)","100% (1/1)","100% (1/1)","Hate","Sad","Happy","Hate","Love","Love","Sad","Sad","Happy","Love","Love","Happy","Happy","Happy","Happy"
"3UDTAB6HH718PBV2AK662Z27W66098","3D7SO00DFMQ961B4JTA39YMX2MBVCA","Song Lyrics Emotion Categorization","Identify the emotion elicited or exemplified by the song lyrics","survey, demographics, music, categorization, vulgar language","$0.10","Sun Dec 03 17:29:02 PST 2017","100","BatchId:3034566;OriginalHitTemplateId:920937332;","3600","86400","Tue Dec 05 17:29:02 PST 2017","","","3NGMS9VZTMKA99YZ6QUL3M76G9WFFC","A1KRKLRUJKQIPZ","Approved","Sun Dec 03 18:40:13 PST 2017","Sun Dec 03 18:43:34 PST 2017","Mon Dec 04 18:43:34 PST 2017","Mon Dec 04 13:33:58 PST 2017","","","201","100% (1/1)","100% (1/1)","100% (1/1)","Hate","Sad","Sad","Hate","Love","Happy","Sad","Sad","Happy","Sad","Sad","Happy","Hate","Happy","Hate"
"3UDTAB6HH718PBV2AK662Z27W66098","3D7SO00DFMQ961B4JTA39YMX2MBVCA","Song Lyrics Emotion Categorization","Identify the emotion elicited or exemplified by the song lyrics","survey, demographics, music, categorization, vulgar language","$0.10","Sun Dec 03 17:29:02 PST 2017","100","BatchId:3034566;OriginalHitTemplateId:920937332;","3600","86400","Tue Dec 05 17:29:02 PST 2017","","","3NL0RFNU0GPBRFTONKPZSV2KZFDK44","A1AUVG21LFOJXF","Approved","Sun Dec 03 22:53:09 PST 2017","Sun Dec 03 22:55:21 PST 2017","Mon Dec 04 22:55:21 PST 2017","Mon Dec 04 13:33:58 PST 2017","","","132","100% (1/1)","100% (1/1)","100% (1/1)","Love","Sad","Happy","Hate","Happy","Love","Love","Sad","Love","Love","Love","Love","Hate","Sad","Hate"
"3UDTAB6HH718PBV2AK662Z27W66098","3D7SO00DFMQ961B4JTA39YMX2MBVCA","Song Lyrics Emotion Categorization","Identify the emotion elicited or exemplified by the song lyrics","survey, demographics, music, categorization, vulgar language","$0.10","Sun Dec 03 17:29:02 PST 2017","100","BatchId:3034566;OriginalHitTemplateId:920937332;","3600","86400","Tue Dec 05 17:29:02 PST 2017","","","3OCHAWUVGPM2PHHY7VR4P6ZISA9KXA","A1ROEDVMTO9Y3X","Approved","Sun Dec 03 18:43:25 PST 2017","Sun Dec 03 18:46:11 PST 2017","Mon Dec 04 18:46:11 PST 2017","Mon Dec 04 13:33:58 PST 2017","","","166","100% (1/1)","100% (1/1)","100% (1/1)","Sad","Sad","Happy","Hate","Love","Love","Happy","Sad","Hate","Sad","Sad","Happy","Sad","Love","Hate"
"3UDTAB6HH718PBV2AK662Z27W66098","3D7SO00DFMQ961B4JTA39YMX2MBVCA","Song Lyrics Emotion Categorization","Identify the emotion elicited or exemplified by the song lyrics","survey, demographics, music, categorization, vulgar language","$0.10","Sun Dec 03 17:29:02 PST 2017","100","BatchId:3034566;OriginalHitTemplateId:920937332;","3600","86400","Tue Dec 05 17:29:02 PST 2017","","","3OF2M9AATHQRUCHD8DFPMRFT0AQZK5","A1N47478TJFZPS","Approved","Mon Dec 04 05:35:23 PST 2017","Mon Dec 04 05:40:05 PST 2017","Tue Dec 05 05:40:05 PST 2017","Mon Dec 04 13:33:58 PST 2017","","","282","100% (1/1)","100% (1/1)","100% (1/1)","Sad","Sad","Sad","Hate","Love","Love","Sad","Sad","Happy","Sad","Sad","Happy","Hate","Happy","Hate"
"3UDTAB6HH718PBV2AK662Z27W66098","3D7SO00DFMQ961B4JTA39YMX2MBVCA","Song Lyrics Emotion Categorization","Identify the emotion elicited or exemplified by the song lyrics","survey, demographics, music, categorization, vulgar language","$0.10","Sun Dec 03 17:29:02 PST 2017","100","BatchId:3034566;OriginalHitTemplateId:920937332;","3600","86400","Tue Dec 05 17:29:02 PST 2017","","","3OLQQLKKNTRY8XKZU51002EYXF5EJ3","A3GVKB5XT6G8M4","Approved","Sun Dec 03 21:49:23 PST 2017","Sun Dec 03 21:53:06 PST 2017","Mon Dec 04 21:53:06 PST 2017","Mon Dec 04 13:33:59 PST 2017","","","223","100% (1/1)","100% (1/1)","100% (1/1)","Happy","Love","Happy","Love","Happy","Love","Sad","Happy","Love","Happy","Love","Happy","Love","Happy","Happy"
"3UDTAB6HH718PBV2AK662Z27W66098","3D7SO00DFMQ961B4JTA39YMX2MBVCA","Song Lyrics Emotion Categorization","Identify the emotion elicited or exemplified by the song lyrics","survey, demographics, music, categorization, vulgar language","$0.10","Sun Dec 03 17:29:02 PST 2017","100","BatchId:3034566;OriginalHitTemplateId:920937332;","3600","86400","Tue Dec 05 17:29:02 PST 2017","","","3OS4RQUCRAHKWSMJ1O8PKWGL1B3FBT","A1DK26QAO4OOMQ","Approved","Sun Dec 03 18:03:04 PST 2017","Sun Dec 03 18:08:08 PST 2017","Mon Dec 04 18:08:08 PST 2017","Mon Dec 04 13:33:59 PST 2017","","","304","100% (1/1)","100% (1/1)","100% (1/1)","Hate","Sad","Sad","Hate","Love","Love","Sad","Happy","Love","Happy","Sad","Happy","Sad","Hate","Hate"
"3UDTAB6HH718PBV2AK662Z27W66098","3D7SO00DFMQ961B4JTA39YMX2MBVCA","Song Lyrics Emotion Categorization","Identify the emotion elicited or exemplified by the song lyrics","survey, demographics, music, categorization, vulgar language","$0.10","Sun Dec 03 17:29:02 PST 2017","100","BatchId:3034566;OriginalHitTemplateId:920937332;","3600","86400","Tue Dec 05 17:29:02 PST 2017","","","3OSWBBLG1FZUBBBOFE5HLT4S81IXDG","A5LYLHG880ABE","Approved","Sun Dec 03 21:48:29 PST 2017","Sun Dec 03 22:06:59 PST 2017","Mon Dec 04 22:06:59 PST 2017","Mon Dec 04 13:33:59 PST 2017","","","1110","100% (1/1)","100% (1/1)","100% (1/1)","Sad","Sad","Happy","Love","Happy","Love","Sad","Sad","Happy","Love","Happy","Love","Sad","Hate","Happy"
"3UDTAB6HH718PBV2AK662Z27W66098","3D7SO00DFMQ961B4JTA39YMX2MBVCA","Song Lyrics Emotion Categorization","Identify the emotion elicited or exemplified by the song lyrics","survey, demographics, music, categorization, vulgar language","$0.10","Sun Dec 03 17:29:02 PST 2017","100","BatchId:3034566;OriginalHitTemplateId:920937332;","3600","86400","Tue Dec 05 17:29:02 PST 2017","","","3OVHNO1VE73JG6B3GWT2IEK3G18DZL","A2T1K94BLNDBAH","Approved","Sun Dec 03 17:32:58 PST 2017","Sun Dec 03 17:37:57 PST 2017","Mon Dec 04 17:37:57 PST 2017","Mon Dec 04 13:33:59 PST 2017","","","299","100% (1/1)","100% (1/1)","100% (1/1)","Sad","Sad","Sad","Hate","Happy","Love","Sad","Sad","Love","Sad","Sad","Happy","Sad","Sad","Hate"
"3UDTAB6HH718PBV2AK662Z27W66098","3D7SO00DFMQ961B4JTA39YMX2MBVCA","Song Lyrics Emotion Categorization","Identify the emotion elicited or exemplified by the song lyrics","survey, demographics, music, categorization, vulgar language","$0.10","Sun Dec 03 17:29:02 PST 2017","100","BatchId:3034566;OriginalHitTemplateId:920937332;","3600","86400","Tue Dec 05 17:29:02 PST 2017","","","3PJ71Z61R54AIKDEW5F84OH1C1H91C","ASTWEY4TK6TFM","Approved","Sun Dec 03 17:57:46 PST 2017","Sun Dec 03 18:15:19 PST 2017","Mon Dec 04 18:15:19 PST 2017","Mon Dec 04 13:33:59 PST 2017","","","1053","100% (1/1)","100% (1/1)","100% (1/1)","Sad","Hate","Sad","Hate","Sad","Love","Sad","Happy","Love","Sad","Sad","Happy","Hate","Happy","Hate"
"3UDTAB6HH718PBV2AK662Z27W66098","3D7SO00DFMQ961B4JTA39YMX2MBVCA","Song Lyrics Emotion Categorization","Identify the emotion elicited or exemplified by the song lyrics","survey, demographics, music, categorization, vulgar language","$0.10","Sun Dec 03 17:29:02 PST 2017","100","BatchId:3034566;OriginalHitTemplateId:920937332;","3600","86400","Tue Dec 05 17:29:02 PST 2017","","","3Q5ZZ9ZEVPH9SXVNS0B67IZ74BC85C","A303MN1VOKQG5I","Approved","Sun Dec 03 21:48:07 PST 2017","Sun Dec 03 21:50:11 PST 2017","Mon Dec 04 21:50:11 PST 2017","Mon Dec 04 13:33:59 PST 2017","","","124","100% (1/1)","100% (1/1)","100% (1/1)","Happy","Love","Love","Happy","Happy","Love","Hate","Sad","Love","Hate","Hate","Love","Happy","Hate","Love"
"3UDTAB6HH718PBV2AK662Z27W66098","3D7SO00DFMQ961B4JTA39YMX2MBVCA","Song Lyrics Emotion Categorization","Identify the emotion elicited or exemplified by the song lyrics","survey, demographics, music, categorization, vulgar language","$0.10","Sun Dec 03 17:29:02 PST 2017","100","BatchId:3034566;OriginalHitTemplateId:920937332;","3600","86400","Tue Dec 05 17:29:02 PST 2017","","","3QFUFYSY9ZH0BT1AM9Y2CIAFRJLF4M","A1RHBKSDCWZTUC","Approved","Sun Dec 03 17:39:40 PST 2017","Sun Dec 03 17:46:28 PST 2017","Mon Dec 04 17:46:28 PST 2017","Mon Dec 04 13:33:59 PST 2017","","","408","100% (1/1)","100% (1/1)","100% (1/1)","Hate","Sad","Love","Hate","Love","Love","Sad","Sad","Happy","Sad","Sad","Happy","Hate","Happy","Hate"
"3UDTAB6HH718PBV2AK662Z27W66098","3D7SO00DFMQ961B4JTA39YMX2MBVCA","Song Lyrics Emotion Categorization","Identify the emotion elicited or exemplified by the song lyrics","survey, demographics, music, categorization, vulgar language","$0.10","Sun Dec 03 17:29:02 PST 2017","100","BatchId:3034566;OriginalHitTemplateId:920937332;","3600","86400","Tue Dec 05 17:29:02 PST 2017","","","3R2UR8A0IBILF82D5NJXWNGRCF0XOO","A3MSKIZ1LVM1WI","Approved","Mon Dec 04 05:12:29 PST 2017","Mon Dec 04 05:27:47 PST 2017","Tue Dec 05 05:27:47 PST 2017","Mon Dec 04 13:33:59 PST 2017","","","918","100% (1/1)","100% (1/1)","100% (1/1)","Hate","Sad","Love","Hate","Love","Happy","Sad","Sad","Love","Love","Love","Happy","Love","Happy","Hate"
"3UDTAB6HH718PBV2AK662Z27W66098","3D7SO00DFMQ961B4JTA39YMX2MBVCA","Song Lyrics Emotion Categorization","Identify the emotion elicited or exemplified by the song lyrics","survey, demographics, music, categorization, vulgar language","$0.10","Sun Dec 03 17:29:02 PST 2017","100","BatchId:3034566;OriginalHitTemplateId:920937332;","3600","86400","Tue Dec 05 17:29:02 PST 2017","","","3RRCEFRB7NEAYCPUH7C6TSJUCL34B3","A45GNSBV3CGU3","Approved","Sun Dec 03 22:12:44 PST 2017","Sun Dec 03 22:18:11 PST 2017","Mon Dec 04 22:18:11 PST 2017","Mon Dec 04 13:33:59 PST 2017","","","327","100% (1/1)","100% (1/1)","100% (1/1)","Hate","Sad","Happy","Hate","Love","Love","Sad","Sad","Love","Hate","Sad","Happy","Sad","Happy","Hate"
"3UDTAB6HH718PBV2AK662Z27W66098","3D7SO00DFMQ961B4JTA39YMX2MBVCA","Song Lyrics Emotion Categorization","Identify the emotion elicited or exemplified by the song lyrics","survey, demographics, music, categorization, vulgar language","$0.10","Sun Dec 03 17:29:02 PST 2017","100","BatchId:3034566;OriginalHitTemplateId:920937332;","3600","86400","Tue Dec 05 17:29:02 PST 2017","","","3RWE2M8QWICV0XWQ1WUD8KTBCYZ0N6","A23EN2JGBLUQ0H","Approved","Sun Dec 03 21:05:44 PST 2017","Sun Dec 03 21:07:46 PST 2017","Mon Dec 04 21:07:46 PST 2017","Mon Dec 04 13:34:00 PST 2017","","","122","100% (1/1)","100% (1/1)","100% (1/1)","Hate","Sad","Sad","Sad","Love","Love","Happy","Love","Happy","Sad","Sad","Love","Hate","Sad","Hate"
"3UDTAB6HH718PBV2AK662Z27W66098","3D7SO00DFMQ961B4JTA39YMX2MBVCA","Song Lyrics Emotion Categorization","Identify the emotion elicited or exemplified by the song lyrics","survey, demographics, music, categorization, vulgar language","$0.10","Sun Dec 03 17:29:02 PST 2017","100","BatchId:3034566;OriginalHitTemplateId:920937332;","3600","86400","Tue Dec 05 17:29:02 PST 2017","","","3RYC5T2D74VJ3CS2BOQKW5ZTL3ERP6","A4X4GQMK34FGB","Approved","Mon Dec 04 05:56:26 PST 2017","Mon Dec 04 06:00:45 PST 2017","Tue Dec 05 06:00:45 PST 2017","Mon Dec 04 13:34:00 PST 2017","","","259","100% (1/1)","100% (1/1)","100% (1/1)","Love","Hate","Sad","Hate","Sad","Love","Sad","Sad","Hate","Sad","Sad","Love","Love","Sad","Hate"
"3UDTAB6HH718PBV2AK662Z27W66098","3D7SO00DFMQ961B4JTA39YMX2MBVCA","Song Lyrics Emotion Categorization","Identify the emotion elicited or exemplified by the song lyrics","survey, demographics, music, categorization, vulgar language","$0.10","Sun Dec 03 17:29:02 PST 2017","100","BatchId:3034566;OriginalHitTemplateId:920937332;","3600","86400","Tue Dec 05 17:29:02 PST 2017","","","3S3AMIZX3V768D0TOI9U7GJI7JPCDO","A3SNSWMNXQEHAO","Approved","Sun Dec 03 19:02:33 PST 2017","Sun Dec 03 19:03:47 PST 2017","Mon Dec 04 19:03:47 PST 2017","Mon Dec 04 13:34:00 PST 2017","","","74","100% (1/1)","100% (1/1)","100% (1/1)","Happy","Happy","Love","Happy","Love","Happy","Love","Happy","Sad","Happy","Sad","Happy","Love","Love","Love"
"3UDTAB6HH718PBV2AK662Z27W66098","3D7SO00DFMQ961B4JTA39YMX2MBVCA","Song Lyrics Emotion Categorization","Identify the emotion elicited or exemplified by the song lyrics","survey, demographics, music, categorization, vulgar language","$0.10","Sun Dec 03 17:29:02 PST 2017","100","BatchId:3034566;OriginalHitTemplateId:920937332;","3600","86400","Tue Dec 05 17:29:02 PST 2017","","","3SITXWYCNWB1WED41IEBQ3GS5G7BXO","A3C3RLZKKHH1FC","Approved","Sun Dec 03 21:48:29 PST 2017","Sun Dec 03 21:59:30 PST 2017","Mon Dec 04 21:59:30 PST 2017","Mon Dec 04 13:34:00 PST 2017","","","661","100% (1/1)","100% (1/1)","100% (1/1)","Happy","Sad","Hate","Sad","Love","Love","Sad","Sad","Happy","Sad","Sad","Love","Happy","Love","Happy"
"3UDTAB6HH718PBV2AK662Z27W66098","3D7SO00DFMQ961B4JTA39YMX2MBVCA","Song Lyrics Emotion Categorization","Identify the emotion elicited or exemplified by the song lyrics","survey, demographics, music, categorization, vulgar language","$0.10","Sun Dec 03 17:29:02 PST 2017","100","BatchId:3034566;OriginalHitTemplateId:920937332;","3600","86400","Tue Dec 05 17:29:02 PST 2017","","","3SKRO2GZ72TUZGW5026XUXVHNVAK1Y","A1PBRKFHSF1OF8","Approved","Mon Dec 04 04:43:17 PST 2017","Mon Dec 04 04:45:22 PST 2017","Tue Dec 05 04:45:22 PST 2017","Mon Dec 04 13:34:00 PST 2017","","","125","100% (1/1)","100% (1/1)","100% (1/1)","Sad","Love","Sad","Sad","Love","Love","Happy","Love","Love","Hate","Sad","Happy","Hate","Love","Hate"
"3UDTAB6HH718PBV2AK662Z27W66098","3D7SO00DFMQ961B4JTA39YMX2MBVCA","Song Lyrics Emotion Categorization","Identify the emotion elicited or exemplified by the song lyrics","survey, demographics, music, categorization, vulgar language","$0.10","Sun Dec 03 17:29:02 PST 2017","100","BatchId:3034566;OriginalHitTemplateId:920937332;","3600","86400","Tue Dec 05 17:29:02 PST 2017","","","3TAYZSBPLMAZCKR9OFFDQ2WWWVS2S5","A1UH47OTAH2RT9","Approved","Sun Dec 03 21:48:42 PST 2017","Sun Dec 03 22:04:20 PST 2017","Mon Dec 04 22:04:20 PST 2017","Mon Dec 04 13:34:00 PST 2017","","","938","100% (1/1)","100% (1/1)","100% (1/1)","Happy","Love","Happy","Happy","Love","Love","Happy","Happy","Love","Happy","Love","Happy","Happy","Happy","Love"
"3UDTAB6HH718PBV2AK662Z27W66098","3D7SO00DFMQ961B4JTA39YMX2MBVCA","Song Lyrics Emotion Categorization","Identify the emotion elicited or exemplified by the song lyrics","survey, demographics, music, categorization, vulgar language","$0.10","Sun Dec 03 17:29:02 PST 2017","100","BatchId:3034566;OriginalHitTemplateId:920937332;","3600","86400","Tue Dec 05 17:29:02 PST 2017","","","3TK8OJTYM2NBWJ9JK8VUX2OW69MPVS","A3LFB7XLW00Q61","Approved","Mon Dec 04 04:13:49 PST 2017","Mon Dec 04 04:17:54 PST 2017","Tue Dec 05 04:17:54 PST 2017","Mon Dec 04 13:34:00 PST 2017","","","245","100% (1/1)","100% (1/1)","100% (1/1)","Sad","Hate","Sad","Hate","Sad","Love","Sad","Sad","Hate","Sad","Love","Happy","Happy","Happy","Hate"
"3UDTAB6HH718PBV2AK662Z27W66098","3D7SO00DFMQ961B4JTA39YMX2MBVCA","Song Lyrics Emotion Categorization","Identify the emotion elicited or exemplified by the song lyrics","survey, demographics, music, categorization, vulgar language","$0.10","Sun Dec 03 17:29:02 PST 2017","100","BatchId:3034566;OriginalHitTemplateId:920937332;","3600","86400","Tue Dec 05 17:29:02 PST 2017","","","3TPWUS5F8A35HJ0K5DEKZ483EZWWCI","A2AW44Q298B7M8","Approved","Sun Dec 03 19:49:18 PST 2017","Sun Dec 03 20:09:25 PST 2017","Mon Dec 04 20:09:25 PST 2017","Mon Dec 04 13:34:01 PST 2017","","","1207","100% (1/1)","100% (1/1)","100% (1/1)","Sad","Hate","Sad","Hate","Sad","Love","Sad","Sad","Happy","Happy","Sad","Happy","Hate","Happy","Hate"
"3UDTAB6HH718PBV2AK662Z27W66098","3D7SO00DFMQ961B4JTA39YMX2MBVCA","Song Lyrics Emotion Categorization","Identify the emotion elicited or exemplified by the song lyrics","survey, demographics, music, categorization, vulgar language","$0.10","Sun Dec 03 17:29:02 PST 2017","100","BatchId:3034566;OriginalHitTemplateId:920937332;","3600","86400","Tue Dec 05 17:29:02 PST 2017","","","3TR2532VIQWUVIRKONI2OEMLGH86J1","A1FR6OOLIBJ2TS","Approved","Sun Dec 03 17:33:19 PST 2017","Sun Dec 03 17:39:54 PST 2017","Mon Dec 04 17:39:54 PST 2017","Mon Dec 04 13:34:01 PST 2017","","","395","100% (1/1)","100% (1/1)","100% (1/1)","Sad","Hate","Sad","Hate","Love","Happy","Happy","Sad","Love","Sad","Sad","Happy","Happy","Happy","Hate"
"3UDTAB6HH718PBV2AK662Z27W66098","3D7SO00DFMQ961B4JTA39YMX2MBVCA","Song Lyrics Emotion Categorization","Identify the emotion elicited or exemplified by the song lyrics","survey, demographics, music, categorization, vulgar language","$0.10","Sun Dec 03 17:29:02 PST 2017","100","BatchId:3034566;OriginalHitTemplateId:920937332;","3600","86400","Tue Dec 05 17:29:02 PST 2017","","","3TY7ZAOG5GMUSRBN4J2XGSC7I30K0R","ATTNJ2IHS8MH8","Approved","Mon Dec 04 02:01:29 PST 2017","Mon Dec 04 02:08:49 PST 2017","Tue Dec 05 02:08:49 PST 2017","Mon Dec 04 13:34:01 PST 2017","","","440","100% (1/1)","100% (1/1)","100% (1/1)","Sad","Hate","Sad","Sad","Love","Love","Happy","Happy","Love","Sad","Love","Happy","Happy","Happy","Hate"
"3UDTAB6HH718PBV2AK662Z27W66098","3D7SO00DFMQ961B4JTA39YMX2MBVCA","Song Lyrics Emotion Categorization","Identify the emotion elicited or exemplified by the song lyrics","survey, demographics, music, categorization, vulgar language","$0.10","Sun Dec 03 17:29:02 PST 2017","100","BatchId:3034566;OriginalHitTemplateId:920937332;","3600","86400","Tue Dec 05 17:29:02 PST 2017","","","3U088ZLJVLVLNR54TXL043625AA0W4","A302512CBCH9X2","Approved","Mon Dec 04 02:40:06 PST 2017","Mon Dec 04 02:42:07 PST 2017","Tue Dec 05 02:42:07 PST 2017","Mon Dec 04 13:34:01 PST 2017","","","121","100% (1/1)","100% (1/1)","100% (1/1)","Sad","Love","Happy","Love","Love","Love","Love","Hate","Love","Sad","Hate","Happy","Sad","Sad","Sad"
"3UDTAB6HH718PBV2AK662Z27W66098","3D7SO00DFMQ961B4JTA39YMX2MBVCA","Song Lyrics Emotion Categorization","Identify the emotion elicited or exemplified by the song lyrics","survey, demographics, music, categorization, vulgar language","$0.10","Sun Dec 03 17:29:02 PST 2017","100","BatchId:3034566;OriginalHitTemplateId:920937332;","3600","86400","Tue Dec 05 17:29:02 PST 2017","","","3VAR3R6G1Q3V0715XF75GOZYL6Q8OQ","A2TIYDT8SDFBW","Approved","Mon Dec 04 04:36:36 PST 2017","Mon Dec 04 04:45:38 PST 2017","Tue Dec 05 04:45:38 PST 2017","Mon Dec 04 13:34:01 PST 2017","","","542","100% (1/1)","100% (1/1)","100% (1/1)","Love","Sad","Sad","Hate","Happy","Happy","Sad","Sad","Sad","Sad","Sad","Happy","Sad","Happy","Hate"
"3UDTAB6HH718PBV2AK662Z27W66098","3D7SO00DFMQ961B4JTA39YMX2MBVCA","Song Lyrics Emotion Categorization","Identify the emotion elicited or exemplified by the song lyrics","survey, demographics, music, categorization, vulgar language","$0.10","Sun Dec 03 17:29:02 PST 2017","100","BatchId:3034566;OriginalHitTemplateId:920937332;","3600","86400","Tue Dec 05 17:29:02 PST 2017","","","3VELCLL3GLLJJU4RZRF0EK3CFZGF1E","A258JTYUD56LOE","Approved","Sun Dec 03 19:59:25 PST 2017","Sun Dec 03 20:05:18 PST 2017","Mon Dec 04 20:05:18 PST 2017","Mon Dec 04 13:34:01 PST 2017","","","353","100% (1/1)","100% (1/1)","100% (1/1)","Hate","Sad","Sad","Hate","Sad","Love","Sad","Sad","Happy","Sad","Sad","Happy","Hate","Happy","Hate"
"3UDTAB6HH718PBV2AK662Z27W66098","3D7SO00DFMQ961B4JTA39YMX2MBVCA","Song Lyrics Emotion Categorization","Identify the emotion elicited or exemplified by the song lyrics","survey, demographics, music, categorization, vulgar language","$0.10","Sun Dec 03 17:29:02 PST 2017","100","BatchId:3034566;OriginalHitTemplateId:920937332;","3600","86400","Tue Dec 05 17:29:02 PST 2017","","","3W8CV64QJ31LMVYSYUITWBX8TQEH9K","AU5PAB1Y16S9P","Approved","Sun Dec 03 18:34:05 PST 2017","Sun Dec 03 18:36:10 PST 2017","Mon Dec 04 18:36:10 PST 2017","Mon Dec 04 13:34:01 PST 2017","","","125","100% (1/1)","100% (1/1)","100% (1/1)","Love","Sad","Sad","Hate","Love","Love","Happy","Hate","Happy","Love","Love","Love","Happy","Happy","Happy"
"3UDTAB6HH718PBV2AK662Z27W66098","3D7SO00DFMQ961B4JTA39YMX2MBVCA","Song Lyrics Emotion Categorization","Identify the emotion elicited or exemplified by the song lyrics","survey, demographics, music, categorization, vulgar language","$0.10","Sun Dec 03 17:29:02 PST 2017","100","BatchId:3034566;OriginalHitTemplateId:920937332;","3600","86400","Tue Dec 05 17:29:02 PST 2017","","","3WEV0KO0ONUMFUPPL4ZUMLN0TMGSD3","A2TU89V68N6GPU","Approved","Sun Dec 03 21:32:00 PST 2017","Sun Dec 03 21:33:11 PST 2017","Mon Dec 04 21:33:11 PST 2017","Mon Dec 04 13:34:01 PST 2017","","","71","100% (1/1)","100% (1/1)","100% (1/1)","Love","Happy","Love","Hate","Happy","Love","Happy","Happy","Hate","Happy","Happy","Love","Happy","Love","Happy"
"3UDTAB6HH718PBV2AK662Z27W66098","3D7SO00DFMQ961B4JTA39YMX2MBVCA","Song Lyrics Emotion Categorization","Identify the emotion elicited or exemplified by the song lyrics","survey, demographics, music, categorization, vulgar language","$0.10","Sun Dec 03 17:29:02 PST 2017","100","BatchId:3034566;OriginalHitTemplateId:920937332;","3600","86400","Tue Dec 05 17:29:02 PST 2017","","","3WRFBPLXRBQRHPVNKJCWAIRIFAN3N8","AA9N1MNC5OBN8","Approved","Sun Dec 03 23:20:42 PST 2017","Sun Dec 03 23:23:52 PST 2017","Mon Dec 04 23:23:52 PST 2017","Mon Dec 04 13:34:02 PST 2017","","","190","100% (1/1)","100% (1/1)","100% (1/1)","Hate","Sad","Happy","Love","Love","Love","Happy","Happy","Sad","Hate","Sad","Happy","Hate","Sad","Love"
"3UDTAB6HH718PBV2AK662Z27W66098","3D7SO00DFMQ961B4JTA39YMX2MBVCA","Song Lyrics Emotion Categorization","Identify the emotion elicited or exemplified by the song lyrics","survey, demographics, music, categorization, vulgar language","$0.10","Sun Dec 03 17:29:02 PST 2017","100","BatchId:3034566;OriginalHitTemplateId:920937332;","3600","86400","Tue Dec 05 17:29:02 PST 2017","","","3WT783CTPCJDTG29AMIOCQVI4YJCBN","A2E598Q7C9M36P","Approved","Sun Dec 03 21:50:12 PST 2017","Sun Dec 03 22:01:14 PST 2017","Mon Dec 04 22:01:14 PST 2017","Mon Dec 04 13:34:02 PST 2017","","","662","100% (1/1)","100% (1/1)","100% (1/1)","Happy","Sad","Happy","Love","Happy","Love","Hate","Happy","Love","Happy","Sad","Love","Love","Hate","Happy"
"3UDTAB6HH718PBV2AK662Z27W66098","3D7SO00DFMQ961B4JTA39YMX2MBVCA","Song Lyrics Emotion Categorization","Identify the emotion elicited or exemplified by the song lyrics","survey, demographics, music, categorization, vulgar language","$0.10","Sun Dec 03 17:29:02 PST 2017","100","BatchId:3034566;OriginalHitTemplateId:920937332;","3600","86400","Tue Dec 05 17:29:02 PST 2017","","","3X0H8UUIT2QLO0PG2Z4KE9CL02HWSB","A2Y1ORULU9ITOH","Approved","Sun Dec 03 19:30:24 PST 2017","Sun Dec 03 19:40:15 PST 2017","Mon Dec 04 19:40:15 PST 2017","Mon Dec 04 13:34:02 PST 2017","","","591","100% (1/1)","100% (1/1)","100% (1/1)","Hate","Sad","Sad","Hate","Sad","Love","Love","Sad","Love","Love","Hate","Happy","Love","Hate","Hate"
"3UDTAB6HH718PBV2AK662Z27W66098","3D7SO00DFMQ961B4JTA39YMX2MBVCA","Song Lyrics Emotion Categorization","Identify the emotion elicited or exemplified by the song lyrics","survey, demographics, music, categorization, vulgar language","$0.10","Sun Dec 03 17:29:02 PST 2017","100","BatchId:3034566;OriginalHitTemplateId:920937332;","3600","86400","Tue Dec 05 17:29:02 PST 2017","","","3XIQGXAUMDAEU2AEO12VL1UWMQ7X7F","A2W5BKHL1HG2LK","Approved","Sun Dec 03 17:48:22 PST 2017","Sun Dec 03 17:52:03 PST 2017","Mon Dec 04 17:52:03 PST 2017","Mon Dec 04 13:34:02 PST 2017","","","221","100% (1/1)","100% (1/1)","100% (1/1)","Sad","Sad","Sad","Hate","Sad","Love","Happy","Sad","Love","Sad","Sad","Happy","Happy","Happy","Hate"
"3UDTAB6HH718PBV2AK662Z27W66098","3D7SO00DFMQ961B4JTA39YMX2MBVCA","Song Lyrics Emotion Categorization","Identify the emotion elicited or exemplified by the song lyrics","survey, demographics, music, categorization, vulgar language","$0.10","Sun Dec 03 17:29:02 PST 2017","100","BatchId:3034566;OriginalHitTemplateId:920937332;","3600","86400","Tue Dec 05 17:29:02 PST 2017","","","3XM0HYN6NL1UU8NXPI6KXY0A6EBEP3","A23R7BFNJWDB3J","Approved","Sun Dec 03 21:49:51 PST 2017","Sun Dec 03 22:11:49 PST 2017","Mon Dec 04 22:11:49 PST 2017","Mon Dec 04 13:34:02 PST 2017","","","1318","100% (1/1)","100% (1/1)","100% (1/1)","Sad","Sad","Love","Sad","Love","Love","Love","Sad","Love","Sad","Love","Happy","Love","Sad","Love"
"3UDTAB6HH718PBV2AK662Z27W66098","3D7SO00DFMQ961B4JTA39YMX2MBVCA","Song Lyrics Emotion Categorization","Identify the emotion elicited or exemplified by the song lyrics","survey, demographics, music, categorization, vulgar language","$0.10","Sun Dec 03 17:29:02 PST 2017","100","BatchId:3034566;OriginalHitTemplateId:920937332;","3600","86400","Tue Dec 05 17:29:02 PST 2017","","","3Y5140Z9DYI6ADPJL1WBIDY2Y7IPIN","ADYYCYVBZE1V5","Approved","Sun Dec 03 21:51:05 PST 2017","Sun Dec 03 21:56:45 PST 2017","Mon Dec 04 21:56:45 PST 2017","Mon Dec 04 13:34:02 PST 2017","","","340","100% (1/1)","100% (1/1)","100% (1/1)","Happy","Sad","Happy","Sad","Love","Love","Sad","Happy","Love","Sad","Love","Happy","Love","Happy","Happy"
"3UDTAB6HH718PBV2AK662Z27W66098","3D7SO00DFMQ961B4JTA39YMX2MBVCA","Song Lyrics Emotion Categorization","Identify the emotion elicited or exemplified by the song lyrics","survey, demographics, music, categorization, vulgar language","$0.10","Sun Dec 03 17:29:02 PST 2017","100","BatchId:3034566;OriginalHitTemplateId:920937332;","3600","86400","Tue Dec 05 17:29:02 PST 2017","","","3YDTZAI2WYI9LE72FAJHNG6LQ9514A","A2TPPV2UWXT141","Approved","Sun Dec 03 18:57:06 PST 2017","Sun Dec 03 19:01:02 PST 2017","Mon Dec 04 19:01:02 PST 2017","Mon Dec 04 13:34:02 PST 2017","","","236","100% (1/1)","100% (1/1)","100% (1/1)","Love","Sad","Love","Hate","Love","Love","Sad","Sad","Hate","Love","Sad","Happy","Happy","Happy","Hate"
"3UDTAB6HH718PBV2AK662Z27W66098","3D7SO00DFMQ961B4JTA39YMX2MBVCA","Song Lyrics Emotion Categorization","Identify the emotion elicited or exemplified by the song lyrics","survey, demographics, music, categorization, vulgar language","$0.10","Sun Dec 03 17:29:02 PST 2017","100","BatchId:3034566;OriginalHitTemplateId:920937332;","3600","86400","Tue Dec 05 17:29:02 PST 2017","","","3YJ6NA41JCI25O9P3JHBUED2BM1JPN","A3GXC3VG37CQ3G","Approved","Sun Dec 03 19:01:43 PST 2017","Sun Dec 03 19:15:18 PST 2017","Mon Dec 04 19:15:18 PST 2017","Mon Dec 04 13:34:02 PST 2017","","","815","100% (1/1)","100% (1/1)","100% (1/1)","Happy","Sad","Love","Hate","Love","Happy","Sad","Sad","Happy","Love","Love","Happy","Hate","Happy","Hate"
"3UDTAB6HH718PBV2AK662Z27W66098","3D7SO00DFMQ961B4JTA39YMX2MBVCA","Song Lyrics Emotion Categorization","Identify the emotion elicited or exemplified by the song lyrics","survey, demographics, music, categorization, vulgar language","$0.10","Sun Dec 03 17:29:02 PST 2017","100","BatchId:3034566;OriginalHitTemplateId:920937332;","3600","86400","Tue Dec 05 17:29:02 PST 2017","","","3YJ6NA41JCI25O9P3JHBUED2BMCPJ4","ARN9ET3E608LJ","Approved","Mon Dec 04 02:14:08 PST 2017","Mon Dec 04 02:23:00 PST 2017","Tue Dec 05 02:23:00 PST 2017","Mon Dec 04 13:34:02 PST 2017","","","532","100% (1/1)","100% (1/1)","100% (1/1)","Hate","Love","Sad","Sad","Happy","Love","Sad","Hate","Hate","Love","Love","Happy","Sad","Hate","Hate"
"3UDTAB6HH718PBV2AK662Z27W66098","3D7SO00DFMQ961B4JTA39YMX2MBVCA","Song Lyrics Emotion Categorization","Identify the emotion elicited or exemplified by the song lyrics","survey, demographics, music, categorization, vulgar language","$0.10","Sun Dec 03 17:29:02 PST 2017","100","BatchId:3034566;OriginalHitTemplateId:920937332;","3600","86400","Tue Dec 05 17:29:02 PST 2017","","","3YMTUJH0DTIAUYJBHT3RTMPGISC4T2","A29X1A8AF3TUQP","Approved","Mon Dec 04 04:53:31 PST 2017","Mon Dec 04 04:59:11 PST 2017","Tue Dec 05 04:59:11 PST 2017","Mon Dec 04 13:34:02 PST 2017","","","340","100% (1/1)","100% (1/1)","100% (1/1)","Sad","Sad","Happy","Hate","Love","Love","Happy","Sad","Happy","Sad","Love","Happy","Happy","Happy","Happy"
"3UDTAB6HH718PBV2AK662Z27W66098","3D7SO00DFMQ961B4JTA39YMX2MBVCA","Song Lyrics Emotion Categorization","Identify the emotion elicited or exemplified by the song lyrics","survey, demographics, music, categorization, vulgar language","$0.10","Sun Dec 03 17:29:02 PST 2017","100","BatchId:3034566;OriginalHitTemplateId:920937332;","3600","86400","Tue Dec 05 17:29:02 PST 2017","","","3YMU66OBIOA015L0C0O3OSJVX3QHGS","A2E2UARVOVDR9Y","Approved","Mon Dec 04 05:10:15 PST 2017","Mon Dec 04 05:14:12 PST 2017","Tue Dec 05 05:14:12 PST 2017","Mon Dec 04 13:34:03 PST 2017","","","237","100% (1/1)","100% (1/1)","100% (1/1)","Sad","Hate","Love","Hate","Love","Love","Happy","Sad","Happy","Sad","Love","Happy","Hate","Happy","Hate"
"3UDTAB6HH718PBV2AK662Z27W66098","3D7SO00DFMQ961B4JTA39YMX2MBVCA","Song Lyrics Emotion Categorization","Identify the emotion elicited or exemplified by the song lyrics","survey, demographics, music, categorization, vulgar language","$0.10","Sun Dec 03 17:29:02 PST 2017","100","BatchId:3034566;OriginalHitTemplateId:920937332;","3600","86400","Tue Dec 05 17:29:02 PST 2017","","","3ZQIG0FLQFI1GS6KWU9PPWWSZ6GWVL","A3LIV109259OU2","Approved","Sun Dec 03 21:43:26 PST 2017","Sun Dec 03 22:10:14 PST 2017","Mon Dec 04 22:10:14 PST 2017","Mon Dec 04 13:34:03 PST 2017","","","1608","100% (1/1)","100% (1/1)","100% (1/1)","Sad","Hate","Sad","Hate","Love","Love","Sad","Hate","Hate","Hate","Sad","Happy","Hate","Happy","Hate"
"3UDTAB6HH718PBV2AK662Z27W66098","3D7SO00DFMQ961B4JTA39YMX2MBVCA","Song Lyrics Emotion Categorization","Identify the emotion elicited or exemplified by the song lyrics","survey, demographics, music, categorization, vulgar language","$0.10","Sun Dec 03 17:29:02 PST 2017","100","BatchId:3034566;OriginalHitTemplateId:920937332;","3600","86400","Tue Dec 05 17:29:02 PST 2017","","","3ZY8KE4ISK5WWVAYKLAJX7E6B5UVQB","A1WNHGZ8S46T3C","Approved","Sun Dec 03 19:22:41 PST 2017","Sun Dec 03 19:37:24 PST 2017","Mon Dec 04 19:37:24 PST 2017","Mon Dec 04 13:34:03 PST 2017","","","883","100% (1/1)","100% (1/1)","100% (1/1)","Hate","Sad","Sad","Hate","Love","Love","Love","Sad","Love","Sad","Love","Happy","Sad","Happy","Hate"